{
  "overall": {
    "par": {
      "n": 96,
      "correct": 26,
      "cost": 1.0478429999999996
    },
    "frugal_cascade": {
      "n": 63,
      "correct": 21,
      "cost": 0.25521200000000005
    },
    "source_frontier": {
      "n": 62,
      "correct": 18,
      "cost": 0.9247949999999999
    },
    "all_frontier": {
      "n": 63,
      "correct": 19,
      "cost": 1.23652
    },
    "par_lite": {
      "n": 63,
      "correct": 19,
      "cost": 0.645309
    },
    "all_small": {
      "n": 63,
      "correct": 19,
      "cost": 0.2444100000000001
    },
    "sink_frontier": {
      "n": 63,
      "correct": 15,
      "cost": 0.7151250000000001
    },
    "par_no_rationale": {
      "n": 9,
      "correct": 0,
      "cost": 0.46244900000000005
    }
  },
  "per_class": {
    "cross_recon": {
      "par": {
        "n": 14,
        "correct": 3,
        "cost": 0.340464
      },
      "frugal_cascade": {
        "n": 9,
        "correct": 3,
        "cost": 0.071808
      },
      "par_lite": {
        "n": 9,
        "correct": 3,
        "cost": 0.25186200000000003
      },
      "source_frontier": {
        "n": 9,
        "correct": 3,
        "cost": 0.263259
      },
      "sink_frontier": {
        "n": 9,
        "correct": 2,
        "cost": 0.12969000000000003
      },
      "par_no_rationale": {
        "n": 9,
        "correct": 0,
        "cost": 0.46244900000000005
      },
      "all_frontier": {
        "n": 9,
        "correct": 3,
        "cost": 0.33197
      },
      "all_small": {
        "n": 9,
        "correct": 3,
        "cost": 0.06432500000000001
      }
    },
    "extract": {
      "frugal_cascade": {
        "n": 9,
        "correct": 3,
        "cost": 0.012228000000000001
      },
      "all_frontier": {
        "n": 9,
        "correct": 3,
        "cost": 0.06388500000000001
      },
      "all_small": {
        "n": 9,
        "correct": 3,
        "cost": 0.012463
      },
      "source_frontier": {
        "n": 9,
        "correct": 3,
        "cost": 0.06246
      },
      "par": {
        "n": 13,
        "correct": 4,
        "cost": 0.018633999999999998
      },
      "sink_frontier": {
        "n": 9,
        "correct": 3,
        "cost": 0.06281
      },
      "par_lite": {
        "n": 9,
        "correct": 3,
        "cost": 0.012228
      }
    },
    "multitool_plan": {
      "source_frontier": {
        "n": 9,
        "correct": 1,
        "cost": 0.198552
      },
      "frugal_cascade": {
        "n": 9,
        "correct": 3,
        "cost": 0.076961
      },
      "all_small": {
        "n": 9,
        "correct": 1,
        "cost": 0.07270499999999999
      },
      "par": {
        "n": 14,
        "correct": 3,
        "cost": 0.25507399999999997
      },
      "all_frontier": {
        "n": 9,
        "correct": 4,
        "cost": 0.354715
      },
      "sink_frontier": {
        "n": 9,
        "correct": 1,
        "cost": 0.190342
      },
      "par_lite": {
        "n": 9,
        "correct": 1,
        "cost": 0.11660799999999999
      }
    },
    "sql_compose": {
      "source_frontier": {
        "n": 9,
        "correct": 0,
        "cost": 0.157519
      },
      "par_lite": {
        "n": 9,
        "correct": 0,
        "cost": 0.17890699999999998
      },
      "all_frontier": {
        "n": 9,
        "correct": 0,
        "cost": 0.237825
      },
      "sink_frontier": {
        "n": 9,
        "correct": 0,
        "cost": 0.10239800000000002
      },
      "par": {
        "n": 14,
        "correct": 0,
        "cost": 0.287374
      },
      "frugal_cascade": {
        "n": 9,
        "correct": 0,
        "cost": 0.05714799999999999
      },
      "all_small": {
        "n": 9,
        "correct": 0,
        "cost": 0.054103
      }
    },
    "policy_action": {
      "frugal_cascade": {
        "n": 9,
        "correct": 3,
        "cost": 0.013571000000000003
      },
      "par_lite": {
        "n": 9,
        "correct": 3,
        "cost": 0.030435
      },
      "sink_frontier": {
        "n": 9,
        "correct": 3,
        "cost": 0.07770500000000001
      },
      "all_small": {
        "n": 9,
        "correct": 3,
        "cost": 0.013651000000000002
      },
      "par": {
        "n": 13,
        "correct": 4,
        "cost": 0.07002699999999999
      },
      "all_frontier": {
        "n": 9,
        "correct": 3,
        "cost": 0.079905
      },
      "source_frontier": {
        "n": 9,
        "correct": 3,
        "cost": 0.07912500000000001
      }
    },
    "sql_gen": {
      "all_small": {
        "n": 9,
        "correct": 6,
        "cost": 0.016429000000000003
      },
      "source_frontier": {
        "n": 9,
        "correct": 5,
        "cost": 0.094065
      },
      "all_frontier": {
        "n": 9,
        "correct": 3,
        "cost": 0.088095
      },
      "par": {
        "n": 14,
        "correct": 8,
        "cost": 0.047764
      },
      "frugal_cascade": {
        "n": 9,
        "correct": 6,
        "cost": 0.012902
      },
      "sink_frontier": {
        "n": 9,
        "correct": 3,
        "cost": 0.07642499999999999
      },
      "par_lite": {
        "n": 9,
        "correct": 6,
        "cost": 0.038803000000000004
      }
    },
    "mongo_gen": {
      "source_frontier": {
        "n": 8,
        "correct": 3,
        "cost": 0.069815
      },
      "all_small": {
        "n": 9,
        "correct": 3,
        "cost": 0.010734
      },
      "frugal_cascade": {
        "n": 9,
        "correct": 3,
        "cost": 0.010594000000000001
      },
      "par": {
        "n": 14,
        "correct": 4,
        "cost": 0.028506
      },
      "all_frontier": {
        "n": 9,
        "correct": 3,
        "cost": 0.080125
      },
      "sink_frontier": {
        "n": 9,
        "correct": 3,
        "cost": 0.07575500000000002
      },
      "par_lite": {
        "n": 9,
        "correct": 3,
        "cost": 0.016466
      }
    }
  },
  "metadata": {
    "total_tasks": 482,
    "total_correct": 137,
    "total_cost": 5.531663
  }
}